id,es,en
BOT_JUG,Jugar,Play
BOT_SAL,Salir,Exit
BOT_VAJ,Volver a jugar,Play again
BOT_TER,Terminar,Finish
FDJ,Fin del Juego,End of the Game
PTS,Puntuación:,Points:
PTST,Puntuación total: ,Total points: 
JHFM,Fallaste más de la mitad de las preguntas :-(,You got half of your questions wrong :-(
JHFB,¡Muy bien! ¡Acertaste,Very good! You answer 
JHFB2,preguntas!,correctly!
JWFIN,¡Completastes el experimento correctamente!,You completed the experiment correctly!
WT1,"La biología sintética es una rama de la biología  que combina los principios de esta con los de la ingeniería para generar organismos o funciones que no existen en la naturaleza, con el objetivo de hacer frente a problemas que afectan a la sociedad. Para conseguir esto, los que trabajamos en biología sintética creamos y combinamos fragmentos de ADN para dar lugar a secuencias más complejas, llamadas construcciones genéticas, que contienen la información necesaria para que se realicen esas nuevas funciones.","Synthetic biology is a branch of biology that combines the principles of biology with those of engineering to generate organisms and/or functions that do not exist in nature, with the aim of addressing problems that affect society. To achieve this, those of us working in synthetic biology create and combine fragments of DNA to give rise to more complex sequences, called genetic constructs, which contain the information necessary for these new functions to be realised."
WT2,"El quorum sensing es un proceso mediante el cual las bacterias pueden comunicarse entre sí y regular algunas de sus actividades en función de la densidad de población de bacterias. Este fenómeno se basa en que las bacterias de determinadas especies producen y liberan unas moléculas que actúan como señales y que reciben el nombre de autoinductores. Cuando la densidad de la población es baja y hay pocas bacterias produciendo estas moléculas, no hay suficiente concentración y no se genera ninguna respuesta por parte de las células.","Quorum sensing is a process by which bacteria can communicate with each other and regulate some of their activities depending on the bacterial population density. This phenomenon is based on the fact that bacteria of certain species produce and release molecules that act as signals and are called autoinducers. When the population density is low and there are few bacteria producing these molecules, there is not enough concentration and no response is generated by the cells. "
WT3,"Las enzimas de restricción son proteínas que tienen la capacidad de cortar el ADN sobre secuencias específicas. Por ejemplo, la enzima EcoRI corta siempre que encuentre la secuencia GAATTC en el ADN. Las enzimas de restricción forman parte de un sistema de defensa de las bacterias contra los virus. Sin embargo, pronto los investigadores las han aplicado a la ingeniería genética, al ser capaces de cortar fragmentos de ADN dejando en ellos extremos que permiten unir unas secuencias con otras de forma específica.","Restriction enzymes are proteins that have the ability to cut DNA at specific sequences. For example, the EcoRI enzyme cuts whenever it finds the sequence GAATTC in DNA. Restriction enzymes are part of a bacterial defence system against viruses. However, researchers have soon applied them to genetic engineering, as they are able to cut fragments of DNA, leaving DNA ends that allow sequences to be linked to other sequences in a specific way."
WT4,"Los stakeholders son las personas o entidades interesadas en un proyecto, y además, apoyan ya sea dando recursos o información, principalmente. Para desarrollar un proyecto de biología sintética adecuado y que realmente busque hacer frente a problemáticas sociales, es necesario hablar con todas estas personas. Así podremos ir conociendo sus necesidades reales a lo largo del desarrollo del proyecto e ir amoldandonos a ellas.","The stakeholders are the people or entities interested in a project, and also, they support them either by giving them resources or information, mainly. In order to develop an adequate synthetic biology project that really seeks to address social problems, it is necessary to talk to all these people. In this way we can get to know their real needs throughout the development of the project and adapt to them."
WT5,"El ADN es la molécula en la que todos los seres vivos almacenan su información genética, información necesaria para su desarrollo. A su vez, el ADN está formado por una sucesión de otras moléculas: los nucleótidos, que contienen cada uno una base nitrogenada. Hay 4 tipos de nucleótidos en función de la base nitrogenada que presenten: nucleótidos de adenina (A), timina (T), citosina (C) y guanina (G). Toda la información de las células se almacena por combinación de tan solo estas 4 letras.","DNA is the molecule in which all living beings store their genetic information, information necessary for their development. In turn, DNA is made up of a succession of other molecules: nucleotides, each containing a nitrogenous base. There are 4 types of nucleotides depending on the nitrogenous base they contain: adenine (A), thymine (T), cytosine (C) and guanine (G) nucleotides. All the information of the cells is stored by a combination of only these 4 letters."
WT6,"La expresión génica es el proceso por el que las células emplean la información del ADN para la producción de proteínas específicas. Estas son las moléculas responsables de realizar la mayor parte de las funciones celulares. La expresión génica tiene dos fases esenciales: la primera es la transcripción, en la que se genera una copia del ADN en forma de ARN y la siguiente es la traducción, en la que el ARN, gracias a los ribosomas, se utiliza para generar una proteína.","Gene expression is the process by which cells use information from DNA to produce specific proteins. These are the molecules responsible for carrying out most cellular functions. Gene expression has two essential phases: the first is transcription, in which a copy of the DNA is generated in the form of RNA, and the next is translation, in which the RNA, thanks to the ribosomes, is used to generate a protein."
WP1,Tubos,Tubes
WP2,Microscopio,Microscope
WP3,Placa Petri,Petri dish
WP4,Pizarra,Whiteboard
WP5,Usando pipeta,Using pipette
WP6,Vasos,Glasses
WF1,"Fina, a mano","Fine, handwritten"
WF2,Tiza,Chalk
WF3,"Gruesa, comic","Thick, comic"
WF4,Arial,Arial
JWI,Imagen: ,Image: 
JWF,Fuente: ,Font: 
TITULO,LOS MOHOCYTOS,THE MOHOCYTES
SUBTITULO,UNA EXPERIENCIA EN BIOLÓGICA SINTÉTICA,A SYNBIO EXPERIENCE
PAS1,Este eres tú.,This is you.
PAS2,Estás muy emocionado porque es tu primer día trabajando en un proyecto.,You’re very excited because it’s your first day working on a project.
PAS3,"Sabes que el proyecto es sobre biología sintética, y que se presentará a una competición.","You know that the project is about synthetic biology, and that it will be entered into a competition."
PAS4,Y estás bastante seguro de que la biología sintética es una rama muy novedosa de la biología.,And you're pretty sure that synthetic biology is a very new branch of biology.
PAS5,"Pero más allá de eso, estás un poco perdido.","But beyond that, you're a bit lost."
PAS6,"¡Aun así, estás lleno de ganas de trabajar e instruirte!","Still, you're full of desire to work and educate yourself!"
PAS7,"(Mmmm, este tiene que ser el sitio.)","(Mmmm, this has to be the place.)"
PAS8,"(Es verdad que me inscribí en este proyecto de biología sintética porque sonaba interesante, pero ando un poco perdido.)","(It's true that I signed up for this synthetic biology project because it sounded interesting, but I'm a bit lost.)"
PAS9,(Por ahora no veo a nadie…),(I don’t see anyone at the moment…)
PAS10,"(Tal vez podría acercarme a esa habitación de ahí, a ver si alguien me puede guiar un poco.)","(Maybe I could go over to that room over there, see if someone can help me a little bit.)"
PAS11,"Debería ir a la Gran Final, que me están esperando.","I should go to the Grand Final, they are waiting for me."
PAS12,Creo que primero investigaré esa puerta rosa...,I think I will go through that pink door…
PAS13,¡Ahora no es el momento de ponerme a explorar!,Now it’s not the time to explore this hall!
PAS14,Debería llevar esto a Wetlab.,I should bring this to Wetlab.
PAS15,¡Tengo que demostrar mis conocimientos al jefe de Human Practices!,I have to demonstrate my knowledge to the leader of Human Practices.
PAS16,Antes debería hablar con los miembros de Redes Sociales.,I should talk to the members of Social Media.
PAS17,¡No hay tiempo!,There is no time!
PAS18,Tengo que hablar con los de Wiki,I have to talk to Wiki.
H1,¡Rápido! ¡Rápido! ¡RÁPIDO!,Come on! Hurry up!
H2,¡Aseguraos de que esté todo bien!,Make sure everything is alright!
H3,"¡Vamos tan rápido como podemos, pero no hay tiempo!","We're going as fast as we can, but there's no time!"
H4,"(Ups, parece que no he llegado en un buen momento…)","(Oops, It doesn’t seem to have come at a good time…)"
H5,"(Voy a hablar con esa persona de ahí, parece que es la que dirige todo esto.)","(I'm going to talk to that person over there, she seems to be the one running this whole thing.)"
H6,¿Ves como no era para tanto?,See how it was no big deal?
H7,"Lo has hecho genial, si es que eres casi un experto en biología sintética.","You did great, you're almost an expert in synthetic biology."
H8,¿Tú crees?,You think so?
H9,¡Claro que sí!,Of course I do!
H10,Creo que ya va siendo hora de que te añadamos a la página web como miembro oficial del equipo.,I think it's time to add you to the website as an official member of the team.
H11,¿Por qué no te pasas a hablar con el área de Redes Sociales?,Why don't you talk to the Social Networks area?
H12,¡Ya estás de vuelta!,You're back!
H13,¿Te han explicado lo que es la biología sintética?,Did they explain to you what synthetic biology is?
H14,Así es.,That's right.
H15,Mmmmmm…,Mmmmmm…
H16,Ya verás como se les ha olvidado decirte algo esencial...,You'll see they forgot to tell you something essential...
H17,¿¿??,¿¿??
H18,¿Me sabrías decir para qué sirve lo que hacemos en Human Practices?,Can you tell me what is the purpose of what we do at Human Practices?
H19,"Pues eeh… algo han mencionado de que la biología sintética suele tener carácter social, pero poco más…","Well eeh... they mentioned that synthetic biology tends to have a social character, but not much more..."
H20,¡Si es que ya lo sabía yo!,But I already knew that!
H21,Human Practices se encarga de la parte más social de la biología sintética:,Human Practices deals with the more social side of synthetic biology:
H22,"buscamos conocer cómo el problema que tratamos afecta a las personas,","we seek to understand how the problem we are dealing with affects people,"
H23,"animándolas a que nos aporten ideas que servirán para luego modificar o complementar el trabajo que realizamos, generando un cambio significativo en él.","encouraging them to provide us with ideas that will later serve to modify or complement the work we do, generating a significant change in it."
H24,Obtener esta información es importante ya que es nuestra forma de acercarnos al impacto real que podría tener nuestro proyecto en la sociedad y el mercado.,Obtaining this information is important as it is our way of getting closer to the real impact that our project could have on society and the market.
H25,En ocasiones conseguimos que empresas o entidades se sumen a la causa y nos apoyen facilitándonos información y recursos.,Sometimes we get companies or organisations to join the cause and support us by providing us with information and resources.
H26,"Además, también es vital que el trabajo que hacemos llegue a todo el mundo;","In addition, it is also vital that the work we do reaches everyone;"
H27,"buscamos que cualquier persona, independientemente de sus circunstancias sociales o personales, tenga acceso a estos conocimientos.","we want anyone, regardless of their social or personal circumstances, to have access to this knowledge,"
H28,¡Así nadie se queda sin entender algún concepto!,so that no one is left without understanding a concept!
H29,¡Increíble! Hacéis una gran labor de integración.,Incredible! You do a great job of integration.
H30,"¡Efectivamente! Si no hiciéramos este trabajo, no tendría sentido nada de lo que hacemos con la biología sintética.","That's right! If we didn't do this work, nothing we do with synthetic biology would make sense."
H31,"Por cierto, ya que estás aquí, ¿por qué no me ayudas a divulgar información sobre este tema tan importante?","By the way, while you're here, why don't you help me disseminate information on this important subject?"
H32,"(Madre mía, y yo que pensaba que vendría a ayudar en un área, ¡y resulta que trabajo en todas!)","(My goodness, I thought I was coming to help in one area, and it turns out I work in all of them!)"
H33,¿Ahora?,Now?
H34,¡Ahora mismo!,Right now!
H35,"Teníamos una presentación con una escuela, y la iba a cancelar porque tengo una reunión con un stakeholder y no tengo tiempo...",We had a presentation with a school I was going to cancel because I have a stakeholder meeting and I don't have time....
H36,"¡Pero ahora que sabes tanto, la puedes dar tú!","But now that you know so much, you can give it!"
H37,Supongo que podría hacerlo… pero ¿qué es eso de un stakeholder?,I suppose I could do it... but what is this stakeholder thing?
H38,"¡Es verdad, que no estás puesto en la jerga!","That's right, you're not up on the slang!"
H39,"Me llevaría un rato explicártelo bien, pero grosso modo, son las personas y empresas a las que les interesa en lo que trabajamos.",They are peaple that are very interested in our project.
H40,"Si quieres, luego le preguntas a alguno de mis compañeros, que seguro que te lo dicen encantados.","If you want, ask one of my colleagues later, they'll be happy to tell you."
H41,Háblame de nuevo cuando estés listo. ¡Ya verás como va a salir genial!,"Talk to me again when you're ready, you'll see how great it's going to be!"
H42,(Espero dar la talla…),(I hope I'm up to the task...)
H43,"¡Oh! Tú debes ser el nuevo, ¿no?","Oh! You must be the new guy, right?"
H44,"Así es, ¡encantado!","That's right, nice to meet you!"
H45,"Si no es mucha molestia, ¿podría preguntar por qué estáis tan alborotados?","If it's not too much trouble, could I ask why you're all in such a hurry?"
H46,"¡Claro claro, no es molestia alguna!","Of course, it's no bother at all!"
H47,"Es que mira, resulta que nos van a descalificar de la competición.",It's just that it turns out we're going to be disqualified from the competition.
H48,¡Ahh! Entiendo.,Ahh! I see.
H49,...,…
H50,¿Perdón?,Excuse me?
H51,"Como oyes, al parecer ha habido un fallo de comunicación con la fecha de entrega.","As you can hear, there seems to have been a miscommunication with the delivery date."
H52,¿Cuándo esperabais entregar el proyecto?,When did you expect to deliver the project?
H53,En 2 meses.,In 2 months.
H54,¿Y cuando se entrega?,And when is it due?
H55,En 15 minutos.,In 15 minutes.
H56,...,…
H57,"Bueno, un fallo lo tiene cualquiera.","Well, anyone can make a mistake."
H58,"Un placer conoceros, espero que podamos trabajar juntos en un futuro proyecto.","Nice to meet you, I hope we can work together on a future project."
H59,Os deseo buena suert-,I wish you good luck…
H60,"En ese momento empiezas a irte, pero notas como él te agarra del brazo.","When you start to leave, you notice how he grabs your arm."
H61,"¡OYE! Ya que estás aquí, ¿por qué no te quedas y nos echas una mano?","Hey, while you're here, why don't you stay and give us a hand?"
H62,"¡Sólo te costará 15 minutos! Sé que parece poco tiempo, pero menos es nada… y cuanta más gente participe, ¡mejor!","It willl only take 15 minutes! I know it seems like a short time, but less is nothing... and the more people involved, the better!"
H63,"E-Eh... B-bueno… Yo venía con esa intención, así que es verdad que podría aprender mucho…","E-Eh... W-well... I came with that in mind, so it's true that I could learn a lot..."
H64,"¡Pues claro! ¡Ya verás como si nos esforzamos, podremos entregar el proyecto a tiempo!","Of course! You'll see, if we work hard, we'll be able to deliver the project on time!"
H65,"¡G-Genial! Pero no tengo ni idea de por dónde empezar, ¿qué podría hacer?","G-Great! But I have no idea where to start, what could I do?"
H66,Mmmmm…,Mmmmm…
H67,"Pues mira, resulta que nosotros somos un equipo muy multidisciplinar… bueno, ¿conoces el concepto de multidisciplinariedad?","Well look, we are a very multidisciplinary team... well, you know the concept of multidisciplinarity?"
H68,Eso es cuando dentro de un equipo hay gente con distintas especialidades ¿no?,"That's when within a team there are people with different specialities, isn't it?"
H69,"Algo así, la multidisciplinariedad es cuando personas que trabajan en muchos ámbitos distintos se unen para poner en común el conocimiento de sus respectivas áreas y desarrollar un trabajo conjunto.","Something like that, multidisciplinarity means that people working in many different fields come together to share the knowledge of their respective areas and develop joint work."
H70,"De esta forma, hay un gran intercambio de ideas y perspectivas que genera un entorno de trabajo muy enriquecedor y da lugar a propuestas más innovadoras.","In this way, there is a great exchange of ideas and perspectives that generates a very enriching work environment and leads to more innovative proposals."
H71,"La biología sintética cada vez trabaja más con equipos multidisciplinares, y en nuestro caso, el grupo lo forman cinco ámbitos: Drylab , Wetlab, Human Practices, Redes Sociales y Wiki.","Synthetic biology is increasingly working with multidisciplinary teams, and in our case, the group is made up of five areas: Drylab, Wetlab, Human Practices, Social Networks and Wiki."
H72,Yo dirijo Human Practices. Te explicaría en qué consiste pero ahora mismo no tengo mucho tiempo…,I run Human Practices. I'd explain what it's all about but I don't have much time right now...
H73,¿Y si mejor empiezas por aprender bien los fundamentos de la biología sintética?,Why don't you start by learning the basics of synthetic biology?
H74,¿Por qué no te acercas a la habitación de Drylab?,Why don't you go to Drylab room?
H75,Ellos te lo explicarán mejor que yo.,They will explain it better than I can.
H76,"¡Venga, ya veras como si trabajamos todos juntos lo conseguimos!","Come on, you'll see, if we all work together we can do it!"
H77,¿Listo?,Ready?
H78,¡Pues al lío!,Let's get on with it!
H79,Deberías hablar con los de Redes Sociales para que te añadan como miembro.,You should talk to Social Networks about being added as a member.
H80,¡Esto es un desastre!,This is a disaster!
H81,"¡Encantado de conocerte, nuevo!","Nice to meet you, newbie!"
H82,¿Estás nervioso por la charla?,Are you nervous about the talk?
H83,¡No te preocupes tanto!,Don't worry so much!
H84,Tú recuerda lo que has aprendido hasta ahora.,You remember what you have learned so far.
H85,¡Lo has hecho genial en la presentación!,You did great in the presentation!
H86,¡Nadie diría que llevas menos de 15 minutos en el equipo!,No one would say you've been on the team for less than 15 minutes!
H87,¡Meses de trabajo en vano!,Months of work for nothing!
H88,¿Te acabas de meter en el proyecto? ¡A buenas horas!,Did you just get on the project? Good timing!
H89,"Después de hablar tantas veces ante un público, ya no me pongo nervioso.","After speaking so many times in front of an audience, I don't get nervous anymore."
H90,¡Pero recuerdo que la primera vez me temblaban las piernas!,But I remember the first time my legs were shaking!
H91,¿Te apetece aprender sobre los stakeholders?,You wanna learn about stakeholders?
H92,"Como te habrá dicho el jefe, los stakeholders son las personas o entidades interesadas en el proyecto que hacemos, y además, nos apoyan ya sea dándonos recursos o información, principalmente.","As the boss must have told you, the stakeholders are the people or entities interested in the project we do, and also, they support us either by giving us resources or information, mainly."
H93,"Para desarrollar un proyecto de biología sintética adecuado y que realmente busque hacer frente a problemáticas sociales, es necesario hablar con todas estas personas.","In order to develop an adequate synthetic biology project that really seeks to address social problems, it is necessary to talk to all these people."
H94,Así podremos ir conociendo sus necesidades reales a lo largo del desarrollo del proyecto e ir amoldándonos a ellas.,In this way we can get to know their real needs throughout the development of the project and adapt to them.
H95,"Como habrás visto antes, el jefe tenía que hablar con uno de ellos. Ese es el trabajo que nos toca hacer casi a diario,","As you may have seen before, the boss had to talk to one of them. That's the job we have to do almost every day,"
H96,ya que solo así podremos asegurarnos de que estamos haciendo un buen trabajo recopilando e integrando la información.,because that's the only way we can make sure we are doing a good job gathering and integrating the information.
H97,"Y tengo que añadir que, si hay suerte, a veces deciden apoyar los proyectos económicamente, que como sabrás, hacer ciencia no es barato…","And I have to add that, if we are lucky, sometimes they decide to support the projects financially, which as you know, doing science is not cheap...."
H98,¡Espero haberte ayudado!,I hope I helped you!
H99,¡Ohhh! No imaginaba lo importante que era hablar con los grupos de interés para hacer biología sintética de calidad.,Ohhh! I didn't realise how important it was to talk to stakeholders to do quality synthetic biology.
H100,¡Gracias!,Thanks!
H101,Está bien. Habla conmigo si cambias de opinión.,That's fine. Talk to me if you change your mind.
R1,Creo que esta es la sala correcta…,I think this is the right room...
R2,¡Bueno bueno bueno!,Well well well!
R3,¿Pero a quién tenemos aquí?,But who do we have here?
R4,No recuerdo haberte visto antes.,I don't remember seeing you before.
R5,E-es que soy el nuevo miembro del equipo…,I-I'm the newest member of the team...
R6,¡Aaaaaah! Eso lo explica todo.,Aaaaaaaah! That explains everything.
R7,* FLASH *,* FLASH *
R8,¡A-auu! No estaba preparado para el flash…,Auch! I was not expecting a flash.
R9,"No te quejes, que sales muy bien.","A-wow, I wasn't prepared for the flash..."
R10,"Dejame un momento, que tengo que pasarle esto a los de Wiki para que te añadan.","Give me a moment, I have to pass this on to Wiki so they can add you."
R11,"De mientras, ¿porqué no hablas con los otros miembros de Redes Sociales?","In the meantime, why don't you talk to the other members of Social Networks?"
R12,"Estoy ocupada ahora mismo cariño, háblame otra vez en 5 minutillos.","I'm busy right now honey, talk to me again in 5 minutes."
R13,¡Ya está!,That's it!
R14,Ahora estás oficialmente reconocido como un miembro en todas las redes sociales y la web de nuestro equipo.,You are now officially recognised as a member on all social media and our team website.
R15,¡Muchas gracias!,Thank you very much!
R16,"Bueno, si no necesit-","Well, if I didn't need to-"
R17,¡SÍ! ¡HA SALIDO BIEN!,YES! IT WENT WELL!
R18,¿Qué ha sido eso?,What was that?
R19,Creo que sé quién es…,I think I know who that is...
R20,¡Nuevo! ¡No te lo vas a creer!,Newbie! You won't believe it!
R21,¿Ha salido bien lo que hicimos?,Did what we did go well?
R22,¡Así es!,It did!
R23,(Pues sí que ha tardado poco.),"(Well, it didn't take long.)"
R24,Ahora solo hay que pasarle la información a los de Wiki y…,Now all we have to do is give the information to the Wiki people and...
R25,…,…
R26,¿Qué ha pasado?,What happened?
R27,¡Solo quedan 5 minutos!,Only 5 minutes left!
R28,¡Rápido nuevo! ¿Puedes llevarle este pendrive a los de Wiki? Tiene los documentos con la información que hemos redactado todos.,"Quickly, can you take this flash drive to the Wiki people? It has the documents with the information we have all written on it."
R29,¡Ya casi hemos acabado!,We're almost done!
R30,¡Solo queda un último esfuerzo!,There's only one last effort left!
R31,¡Hola!,Hi!
R32,"Doy por hecho que quieres saber lo que hacemos en Redes Sociales, ¿verdad?","I assume you want to know what we do on Social Networks, right?"
R33,"Pues mira cielo, nosotros somos una subárea de Human Practices pero con un trabajo muy especializado:","Well, look honey, we are a sub-area of Human Practices but with a very specialised job:"
R34,nos encargamos de difundir el trabajo que hacemos en el equipo y divulgar sobre muchos tópicos científicos de interés haciendo uso de las nuevas tecnologías.,we are in charge of disseminating the work we do in the team and spreading the word about many scientific topics of interest using new technologies.
R35,"Al final, por mucho que trabajemos en temas tan específicos, necesitamos generar un engagement a través de un contenido interactivo y novedoso,","In the end, as much as we work on very specific topics, we need to generate engagement through interactive and innovative content,"
R36,que haga que la gente se interese por nuestras cuentas y nos siga.,which makes people interested in our accounts and follow us.
R37,"Sin embargo, por supuesto también buscamos enseñar y educar en biología sintética, la base de nuestro proyecto.","However, of course we also seek to teach and educate in synthetic biology, the basis of our project."
R38,"Es verdad que, a lo mejor, lo primero que se te viene a la mente cuando hablamos de biología sintética no son las redes sociales de un equipo de investigación, pero piensa,","It is true that, perhaps, the first thing that comes to mind when we talk about synthetic biology is not the social networks of a research team, but think,"
R39,"¿de qué otra forma, si no, iban los científicos a dar a conocer su trabajo al público en general?",how else would scientists make their work known to the general public?
R40,"¿Pero no se dedica Human Practices a divulgar todo esto? Por ejemplo, mediante charlas...","But isn't Human Practices dedicated to disseminating all this? For example, through talks..."
R41,¡Claro!,Of course!
R42,"Al ser una subárea de Human Practices, no diferimos tanto de ellos, pero el alcance que se obtiene con las redes sociales es mucho mayor del que se puede lograr presencialmente,","Being a sub-area of Human Practices, we are not so different from them, but the reach that you get with social networks is much greater than what you can achieve in person,"
R43,"y aunque no lo parezca, saber manejar las redes sociales es algo bastante complejo…","and although it may not seem like it, knowing how to manage social networks is quite complex..."
R44,"Hay que saber cómo distribuir la información en los posts, lograr diseños atractivos, conocer cómo funcionan los algoritmos de las distintas redes sociales, interpretar las métricas de los posts…","You have to know how to distribute the information in the posts, achieve attractive designs, know how the algorithms of the different social networks work, interpret the metrics of the posts..."
R45,"Pues cielo, con eso nosotros aspiramos a que los proyectos de biología sintética sean lo más completo posible estudiando qué opina el público general,","Well, honey, with that we hope that the synthetic biology projects will be as complete as possible by studying what the general public thinks,"
R46,"¡y por supuesto, que también aprendan un montón!","and of course, that they will also learn a lot!"
R47,Recuerda tener siempre cuidado con tus contraseñas.,Remember to always be careful with your passwords.
R48,¡Usa contraseñas distintas para cada página web y cámbialas cada cierto tiempo!,Use different passwords for each website and change them from time to time!
R49,Todo depende de que se añada la información a la wiki…,It all depends on the information being added to the wiki...
R50,¡Genial!,Great!
R51,Seguro que ahora más gente es consciente de los beneficios de la biología sintética.,I'm sure more people are now aware of the benefits of synthetic biology.
R52,¡Eso espero!,I hope so!
R53,Ahora mismo estoy haciendo posts informativos sobre la biología sintética y “traducir” la biología sintética no es sencillo.,Right now I'm doing informative posts on synthetic biology and ‘translating’ synthetic biology is not easy.
R54,"Me pasaron unas plantillas pero tengo que montar yo todo, y estoy un poco agobiado…","They gave me some templates but I have to put it all together myself, and I'm a bit overwhelmed..."
R55,¿Me podrías echar una mano?,Could you give me a hand?
R56,Mmm supongo que tengo tiempo disponible…,"Mmm, I guess I have some time available..."
R57,¡Está bien!,Alright!
R58,Es importante concienciar a la gente y hacerles saber sobre los beneficios de la biología sintética.,It is important to raise awareness and let people know about the benefits of synthetic biology.
R59,Ya solo queda esperar y cruzar los dedos para que se acabe la wiki a tiempo…,All that's left is to wait and cross your fingers that the wiki is finished in time...
DL1,"Estupendo, estupendo… Todo según mis cálculos…","Great, great... According to my calculations, everything…"
DL2,¡Ha salido bien!,Went well!
DL3,¿En serio? ¡Genial!,Really? Great!
DL4,Ahora solo faltaría darles estas secuencias sintetizadas a los compañeros de Wetlab.,Now all that's left is to give these synthesised sequences to the Wetlab colleagues.
DL5,"Se que acabas de llegar y ya te estamos exigiendo mucho, ¿pero me harías el favor de llevárselas tú?","I know you've just arrived and we're already putting a lot of demands on you, but would you do me a favour and take them to them?"
DL6,"Claro, sin problema.","Sure, no problem."
DL7,Disculpe-,Excuse me…
DL8,"Un momento, ahora mismo estoy ocupado.","Just a moment, I'm busy right now."
DL9,"(Vaya, parece que voy a tener que hablar con alguien distinto por ahora…)","(Wow, looks like I'm going to have to talk to someone else for now...)"
DL10,"Sigo ocupado, háblame más tarde.","I'm still busy, talk to me later."
DL11,Mmmm sí…,Mmmm yeah…
DL12,Justo lo que yo pensaba…,Just what I thought...
DL13,Hay un sitio de restricción en mitad del CDS,There's a restriction site in the middle of the CDS.
DL14,(¿Eh? No sé qué acaba de decir. A lo mejor no es el mejor momento para presentarme…),(Huh? I don't know what you just said. Maybe this isn't the best time to introduce myself...)
DL15,"¡Ey, tú, el de ahí!","Hey, you there!"
DL16,¿E-Eh?¿Yo?,Huh? Me?
DL17,"¡Sí, tú! ¿Eres el nuevo no?","Yes, you! You're the new guy, aren't you?"
DL18,"S-sí, soy yo.","Y-Yes, that's me."
DL19,"Perfecto, pues ven y échame una mano con esto, que no tenemos mucho tiempo.","Well, come and give me a hand with this, we don't have much time."
DL20,¡Pero si todavía no se nada sobre el proyecto!,But I don't know anything about the project yet!
DL21,¡Ni siquiera sé bien lo que es la biología sintética!,I don't even know what synthetic biology is!
DL22,¿Te has metido en este proyecto sin saber ni siquiera eso?,You got into this project without even knowing that?
DL23,"Entonces, en ese caso deja que te haga una ""breve"" introducción:",Then in that case let me give you a brief introduction:
DL24,"La biología sintética es una rama de la biología que combina los principios de esta con los de la ingeniería para generar organismos o funciones que no existen en la naturaleza,","Synthetic biology is a branch of biology that combines the principles of biology with those of engineering to generate organisms and/or functions that do not exist in nature,"
DL25,con el objetivo de hacer frente a problemas que afectan a la sociedad.,with the aim of addressing problems that affect society.
DL26,"Para conseguir esto, los que trabajamos en biología sintética creamos y combinamos fragmentos de ADN para dar lugar a secuencias más complejas,","To achieve this, those of us working in synthetic biology create and combine fragments of DNA to give rise to more complex sequences,"
DL27,"llamadas construcciones genéticas, que contiene la información necesaria para que se realicen esas nuevas funciones.","called genetic constructs, which contain the information necessary for these new functions to be realised."
DL28,"Otra cosa buena es que la biología sintética integra la experimentación y la computación para diseñar, probar y optimizar estos organismos o funciones.","Another good thing is that synthetic biology integrates experimentation and computation to design, test and optimise these organisms or functions."
DL29,"Ah vale, ya entiendo. Diría que ahora me queda mucho más claro.","Oh right, I see what you mean. It's much clearer to me now."
DL30,"Entonces, ¿puedo ayudaros ahora?","So, can I help you now?"
DL31,Ahora mismo no tengo más tiempo que perder.,Right now I don't have any more time to waste.
DL32,¿Por qué no le preguntas a los otros miembros a ver si te pueden explicar a qué nos dedicamos?,Why don't you ask the other members and see if they can explain what we do?
DL33,Vuelve a hablar conmigo cuando hayas hablado con los dos.,Come back to me when you have spoken to both of them.
DL34,"No tengo tiempo para poder explicártelo todo, habla con los otros dos miembros.","I don't have time to explain everything, talk to the other two members."
DL35,"No tengo tiempo para poder de explicártelo todo, habla con los otros dos miembros.","I don't have time to explain everything, talk to the other two members."
DL36,¿Ya estás un poco más al día con lo que hacemos aquí?,Are you a little more up to date with what we do here?
DL37,"Perfecto, pues manos a la obra, que toca comprar las piezas.","Perfect, so let's get to work, it's time to buy the parts."
DL38,¡El trabajo duro siempre es recompensado al final!,Hard work always pays off in the end!
DL39,Trabajar en un equipo de biología sintética es duro…,Working in a synthetic biology team is hard...
DL40,¡Pero cuando el trabajo toma forma es muy gratificante!,But when the work takes shape it is very rewarding!
DL41,¿Y ha tomado forma ya?,And has it taken shape yet?
DL42,P-pues a-aún no… estamos en ello…,W-well n-not yet... we're working on it...
DL43,Vaya… bueno… ¿puedo ayudaros en algo?,Wow... well... Can I help you with something?
DL44,"Hmm… a ver, sí, pero antes debo asegurarme de que cuentas con los conocimientos básicos.","Hmm... let's see, yes, but first I must make sure you have the basic knowledge."
DL45,¿Sabes lo que es el ADN?,Do you know what DNA is?
DL46,No me vendría mal un repasillo…,I wouldn’t mind a little revision…
DL47,¡Sin problema!,No problem!
DL48,"El ADN es la molécula en la que todos los seres vivos almacenan su información genética, información necesaria para su desarrollo.","DNA is the molecule in which all living beings store their genetic information, information necessary for their development."
DL49,"A su vez, el ADN está formado por una sucesión de otras moléculas: los nucleótidos, que contienen cada uno una base nitrogenada.","In turn, DNA is made up of a succession of other molecules: nucleotides, each containing a nitrogenous base."
DL50,Hay 4 tipos de nucleótidos en función de la base nitrogenada que presenten:,There are 4 types of nucleotides depending on the nitrogenous base they contain:
DL51,"nucleótidos de adenina (A), timina (T), citosina (C) y guanina (G).","adenine (A), thymine (T), cytosine (C) and guanine (G) nucleotides."
DL52,Toda la información de las células se almacena por combinación de tan solo estas 4 letras.,All the information of the cells is stored by a combination of only these 4 letters.
DL53,¿No te parece curioso?,Isn't it curious?
DL54,"Sí, ¡qué interesante!","Yes, how interesting!"
DL55,"Es verdad que algo me sonaba, pero ¿cómo pueden las células leer toda esta información contenida en el ADN?","It's true that I've heard of it, but how can cells read all this information contained in the DNA?"
DL56,Excelente pregunta. ¿Por qué no le pides a mi compañero que te cuente un poco sobre la expresión génica?,"Excellent question, why don't you ask my colleague to tell you a bit about gene expression?"
DL57,Ahora mismo tengo que seguir con mi trabajo.,Right now I have to get on with my work.
DL58,¿Por qué no hablas con mi compañero?,Why don't you talk to my colleague?
DL59,"Hola, ¿qué tal?","Hello, how are you?"
DL60,"T, G, C, A, A ,A ,A, A… ¡madre mía, cuántas A’s!","T, G, C, A, A, A, A, A, A... my goodness, so many A's!"
DL61,"(Mmm, parece un poco agobiado, espero no molestarle mucho…)","(Mmm, he looks a bit overwhelmed, I hope I'm not bothering him too much...)"
DL62,"Disculpa, ¿puedo hacerte una pregunta?","Excuse me, can I ask you a question?"
DL63,"No ves que estoy ocupado… Por favor, espera a que termine.",Can't you see I'm busy... Please wait for me to finish.
DL64,"Vaya, es que me gustaría saber un poco sobre expresión génica.","Well, I would like to know a little bit about gene expression."
DL65,¡¡!!,¡¡!!
DL66,¡Haber empezado por ahí! ¡Me encanta ese tema!,"You should have started there, I love that topic!"
DL67,Te comento. La expresión génica es el proceso por el que las células emplean la información del ADN para la producción de proteínas específicas.,Let me tell you. Gene expression is the process by which cells use information from DNA to produce specific proteins.
DL68,Estas son las moléculas responsables de realizar la mayor parte de las funciones celulares.,These are the molecules responsible for carrying out most cellular functions.
DL69,La expresión génica tiene dos fases esenciales:,Gene expression has two essential phases:
DL70,"la primera es la transcripción, en la que se genera una copia del ADN en forma de ARN y la siguiente es la traducción, en la que el ARN, gracias a los ribosomas, se utiliza para generar una proteína.","the first is transcription, in which a copy of the DNA is generated in the form of RNA, and the next is translation, in which the RNA, thanks to the ribosomes, is used to generate a protein."
DL71,"¡Oh!, qué curioso… aunque me surge una duda: en todo este mar de letras del ADN, ¿cómo saben las células qué parte tienen que leer?","Oh, that's funny... but I have a question: in all this chaos of DNA letters, how do the cells know which part to read?"
DL72,¡Muy buena pregunta!,That's a very good question!
DL73,Las regiones del ADN que contienen la información para la producción de proteínas se llaman secuencias codificantes (CDS).,The regions of DNA that contain the information for protein production are called coding sequences (CDS).
DL74,"Sin embargo, por sí mismas no pueden expresarse. Para ello hacen falta otros elementos.","However, they cannot express themselves. Other elements are needed for that."
DL75,"Antes y después de las CDS, tenemos los promotores y terminadores.","Before and after the CDS, we have promoters and terminators."
DL76,Estos son necesarios para que tenga lugar la transcripción.,These are necessary for transcription to take place.
DL77,"Luego, entre los promotores y el CDS encontramos el sitio de unión al ribosoma (RBS), que es una región que asegura que tenga lugar la fase de traducción.","Then, between the promoters and the CDS, we have the ribosome binding site (RBS), which is a region that ensures that the translation phase takes place."
DL78,Pues esto es lo mínimo necesario para que la célula pueda entender la información contenida en el ADN.,So this is the minimum necessary for the cell to understand the information contained in the DNA.
DL79,"Muchas gracias por enseñarme todo esto. Exactamente, ¿qué relación tiene esto con la biología sintética y con el proyecto?",Thank you very much for teaching me all this. Exactly how does this relate to synthetic biology and the project?
DL80,"Esto es importantísimo para adentrarse en la biología sintética. Estoy seguro de que el jefe podrá contártelo muy bien, te aconsejo hablar con él, aunque suele andar ocupado","This is very important for getting into synthetic biology. I'm sure the boss will be able to tell you all about it very well. I advise you to talk to him, although he's usually busy."
DL81,"(Ya veo, ya...)","(I see, I see...)"
DL82,¡Gracias!,Thank you!
DL83,Ahora te vendría bien hablar con mi jefe.,Now you should talk to my boss
DL84,Ahora tienes una pequeña base sobre qué es el ADN.,Now you have a little background on what DNA is.
DL85,"Si quieres saber más sobre biología sintética, habla con el jefe.","If you want to know more about synthetic biology, talk to the boss."
DL86,"Parece un poco serio, ¡pero que no te intimide!","He seems a bit serious, but don't be intimidated!"
DL87,¿Mmm?,Mmm?
DL88,¿Que el jefe te ha pedido ayuda y no sabes qué hacer?,The boss has asked you for help and you don't know what to do?
DL89,"Sí, efectivamente.",Exactly.
DL90,"¡No hay problema, te hago un resumen rápido y listo!","No problem, I'll give you a quick summary!"
DL91,"Aquí, en Drylab una de nuestras principales funciones consiste en el diseño de construcciones genéticas.","Here at Drylab, one of our main functions is the design of genetic constructs."
DL92,"Para ello, hacemos una gran labor de investigación y revisión, con vistas a identificar las secuencias de ADN y proteínas más adecuadas para añadir al organismo que nos interese.","To do this, we do a lot of research and screening, with a view to identifying the most suitable DNA and protein sequences to add to the organism we are interested in."
DL93,"En resumen, nos encargamos de idear una solución molecular al problema que queremos resolver.","In short, we come up with a molecular solution to the problem we want to solve."
DL94,"Es como construir una estructura con piezas de un puzzle, salvo que las piezas son promotores, CDS o terminadores, y el resultado final no es una casa, o un coche, sino un circuito genético.","It is like building a structure with pieces of a puzzle, except that the pieces are promoters, CDS or terminators, and the end result is not a house, or a car, but a genetic circuit."
DL95,E-entiendo.,I-I understand.
DL96,Pero no sé si yo voy a saber hacer eso…,But I don't know if I'm going to know how to do that.
DL97,¡No te preocupes! Nosotros te guiaremos.,"Don't worry, we'll guide you."
DL98,¡No hay tiempo que perder!,There's no time to waste!
DL99,"Ahora que sabes lo que es la biología sintética, puedes comprender nuestro papel dentro de ella.","Now that you know what synthetic biology is, you can understand our role in it."
DL100,"Verás, en Drylab elaboramos estudios matemáticos e informáticos para predecir el funcionamiento de nuestro organismo más allá del que podemos obtener a partir de experimentos en el laboratorio.","As you can see, in Drylab we develop mathematical and computer studies to predict the functioning of our organism beyond what we can obtain from laboratory experiments."
DL101,Somos un punto de partida esencial para guiar y orientar el trabajo de Wetlab.,We are an essential starting point to guide and orient Wetlab’s work.
DL102,¡Comprendo!,I understand!
DL103,"Genial, creo que ahora estás más que preparado para ayudar al jefe.","Great, I think you are now more than ready to help the boss."
DL104,*tic tac tac tic*,*tic tac tac tac tic*
DL105,(Está tecleando muy rápido en su ordenador.),(He is typing very fast on his computer.)
DL106,(Parece concentrado debería dejarlo trabajar.),"(He looks focused, I should let him work.)"
DL107,¡No hay tiempo que perder!,There's no time to waste!
DL108,¡Por fin buenas noticias!,Finally some good news!
WL1,"¡No queda tiempo, debes darte prisa por favor!","There is no time left, you must hurry please!"
WL2,¡BUAAAAAAAAAAAAAA!,WAAAAAAAAAAAAAAAAAAAAAAAAA!
WL3,Pobre jefa…,Poor boss...
WL4,La pobrecita está angustiadísima…,The poor thing is in anguish...
WL5,"♫ Laraliiii Laraloooooo♫ ¡AHHH! ¡Lo has hecho genial, tiene muy buena pinta!","♫ Laraliiiii Laralooooooo♫ AHHHH! You did great, it looks great!"
WL6,"Por ahora, toca esperar a que la bacteria crezca.","Now, it's time to wait for the bacteria to grow."
WL7,"Maravilloso, ¿y después qué?","Wonderful, and then what?"
WL8,Cuando crezca haremos un ensayo para ver si todo está funcionando correctamente.,When it grows we will do a test to see if everything is working properly.
WL9,He añadido una proteína fluorescente de color rojo a la construcción genética. Si se ve rojo es que todo está funcionando como debería. Te avisaré cuando hayan crecido.,I have added a red fluorescent protein to the gene construct. If it looks red then everything is working as it should. I'll let you know when they've grown.
WL10,"Oye, ¿y cuánto tarda en crecer?",How long does it take to grow?
WL11,Pues… aproximadamente 16 horas.,Well... about 16 hours.
WL12,¡¿Pero no quedaban 15 minutos para presentar el proyecto?!,But wasn't there 15 minutes left to present the project?!
WL13,"De todas formas eso les optimizo yo las condiciones de crecimiento y en nada las tenemos, ¡no te preocupes!","Anyway, I'll optimise the growing conditions and we'll have them in no time, don't worry!"
WL14,(¿Le va a meter prisa a la bacteria?),(Is he going to rush the bacteria?)
WL15,"Mientras tanto, ¿por qué no vas a hablar con los de Human Practices?","In the meantime, why don't you go talk to Human Practices?"
WL16,Les puedes contar todo lo que ya sabes.,You can tell them everything you already know.
WL17,¡BUAAAAAAAAAAAAAA!,WAAAAAAAAAAAAAAAAAAAAAAA!
WL18,(Está llorando tanto que creo que ni siquiera se da cuenta de que estoy aquí.),(She's crying so hard I don't think she even realises I'm here).
WL19,(Voy a tener que preguntarle a alguien distinto qué le pasa.),(I'm going to have to ask someone else what's wrong with her).
WL20,♫ Laraliiii laralaaaa ♫,♫ Laraliiii laralaaaa ♫
WL21,(Ha pasado de la tristeza absoluta a la euforia instantáneamente.),(She has gone from absolute sadness to euphoria instantly).
WL22,(Supongo que tanto trabajo es una gran carga emocional…),(I guess that much work is a big emotional burden...)
WL23,"(En cualquier caso, debería hablar con los otros dos miembros antes de ayudarla.)","(In any case, I should talk to the other two members before helping her.)"
WL24,¡Ya está todo listo para empezar a trabajar!,You're ready to get to work now!
WL25,"No es por meter presión, pero…. solo tenemos una oportunidad.","Not to put pressure, but .... we only get one chance."
WL26,¡Así que crucemos los dedos para que todo salga bien!,So let's keep our fingers crossed that it all works out!
WL27,¡Que te vaya bien!,Good luck to you!
WL28,E-em disculpad que os moleste…,E-em sorry to bother you...
WL29,¿Pero está bien vuestra jefa?,But is your boss okay?
WL30,La pobrecita está con los nervios a flor de piel porque necesita los fragmentos sintetizados de ADN que deberían haberle dado los de Drylab para poder trabajar…,The poor thing is freaking out because she needs the synthesised DNA fragments that Drylab should have given her in order to be able to work...
WL31,¡Pero aquí estamos! ¡La hora de la entrega está a la vuelta de la esquina y aquí no nos han dado nada!,But here we are! Delivery time is just around the corner and we haven't been given anything!
WL32,¡Ah! ¿Puede que lo que necesiteis sea esto?,Ah! Maybe this is what you need?
WL33,¡¡!!,¡¡!!
WL34,¡POR FIN!,FINALLY!
WL35,"¡Gracias, gracias, GRACIAS!","Thank you, thank you, THANK YOU!"
WL36,"Eres el nuevo, ¿verdad? ¡Nos has salvado!","You're the newbie, aren't you? You saved us!"
WL37,Me alegro de ser de ayuda.,Glad to help.
WL38,"El problema es que aún teniendo lo que nos faltaba, seguimos yendo mal de tiempo…","The problem is that even though we have what we need, we're still running out of time..."
WL39,(Ya veo por donde van los tiros…),(I see where you're going with this...)
WL40,¿Necesitáis que os eche una mano?,Do you need me to give you a hand?
WL41,¡¿En serio?! ¡Me harías una reina!,Really?! You'd make me a queen!
WL42,"Tengo que preparar unas últimas cosillas antes de empezar el último experimento, pero voy a tardar un poco,","I have a few things to prepare before I start the last experiment, but I'm going to be there for a while,"
WL43,¿por qué no te acercas a hablar con los otros dos compañeros para que te expliquen de mientras lo que hacemos aquí?,so why don't you go over and talk to the other two guys so they can explain what we're doing here?
WL44,"¿Te ha mandado la jefa a hablar conmigo? Pues mira, mientras la jefa prepara las cosas, deja que te haga un pequeño resumen de lo que hacemos en Wetlab:","Did the boss send you to talk to me? Well, while the boss gets things ready, let me give you a brief summary of what we do at Wetlab:"
WL45,"Fundamentalmente, en Wetlab realizamos experimentos de laboratorio","Basically, in Wetlab we carry out laboratory experiments"
WL46,que nos sirven para comprobar que las construcciones genéticas diseñadas por el equipo de Drylab funcionan en un organismo vivo.,to check that the genetic constructs designed by the Drylab team work in a living organism.
WL47,"Para ello, nos ponemos la bata y aplicamos diversas técnicas, siguiendo los pasos de un protocolo y tomando los reactivos del laboratorio para hacer los experimentos,","To do this, we put on our lab coats and apply various techniques, following the steps of a protocol and taking reagents from the laboratory to perform the experiments,"
WL48,como el ADN o las enzimas de restricción.,such as DNA or restriction enzymes.
WL49,¿Eh? ¿Qué son las enzimas de restricción?,What are restriction enzymes?
WL50,"¡Ah! Mira, son enzimas que tienen la capacidad de cortar la molécula de ADN en posiciones determinadas en base a su capacidad para reconocer secuencias de nucleótidos concretas…","Ah! Look, they are enzymes that have the ability to cut the DNA molecule at specific positions based on their ability to recognise specific nucleotide sequences..."
WL51,"si quieres saber más, luego nos preguntas de nuevo.","if you want to know more, come back and ask us later."
WL52,¡Perfecto!,Perfect!
WL53,"Prosiguiendo, por último, lo que hacemos es analizar el comportamiento de nuestro organismo y pensamos cómo mejorarlo.","Moving on, finally, what we do is analyse the behaviour of our organism and think about how to improve it."
WL54,"Vemos si el organismo hace lo que queremos que haga, como por ejemplo, es la comunicación entre ellas a través del quorum sensing.","We see if the organism does what we want it to do, for example, the communication between them through quorum sensing."
WL55,…,…
WL56,"Vale, tampoco sabes qué es el quorum sensing…","Ok, you don't know what quorum sensing is either..."
WL57,"Te lo explico rápidamente, pero como te he dicho antes, si quieres saber más luego nos puedes preguntar otra vez.","I'll explain it quickly, but as I said before, if you want to know more, you can ask us again."
WL58,"El quorum sensing es la capacidad que tienen algunas bacterias para comunicarse entre sí e inducir procesos a nivel poblacional mediante la producción y secreción de ciertas moléculas frente a un estímulo determinado,","Quorum sensing is the ability of some bacteria to communicate with each other and induce processes at the population level by producing and secreting certain molecules in response to a given stimulus,"
WL59,como por ejemplo es producir algún pigmento o molécula fluorescente.,such as producing a pigment or fluorescent molecule.
WL60,¡Espero haberme explicado bien!,I hope I made myself clear!
WL61,Algo que siempre me ha fascinado es el quorum sensing. ¿Te gustaría saber en qué consiste?,"Something that has always fascinated me is quorum sensing, would you like to know what it is?"
WL62,El quorum sensing es un proceso mediante el cual las bacterias pueden comunicarse entre sí y regular algunas de sus actividades en función de la densidad de población de bacterias.,Quorum sensing is a process by which bacteria can communicate with each other and regulate some of their activities depending on the bacterial population density.
WL63,Este fenómeno se basa en que las bacterias de determinadas especies producen y liberan unas moléculas que actúan como señales y que reciben el nombre de autoinductores.,This phenomenon is based on the fact that bacteria of certain species produce and release molecules that act as signals and are called autoinducers.
WL64,"Cuando la densidad de la población es baja y hay pocas bacterias produciendo estas moléculas,","When the population density is low and there are few bacteria producing these molecules,"
WL65,no hay suficiente concentración y no se genera ninguna respuesta por parte de las células.,there is not enough concentration and no response is generated by the cells.
WL66,"Sin embargo, cuando la densidad de población supera un límite, la gran cantidad de bacterias produciendo autoinductores hace que estos alcancen grandes concentraciones,","However, when the population density exceeds a limit, the large number of bacteria producing autoinducers causes them to reach high concentrations,"
WL67,"suficientes para disparar una respuesta en la célula, activando procesos concretos.","enough to trigger a response in the cell, activating specific processes."
WL68,"Por ejemplo, las bacterias emplean esta estrategia de comunicación para iniciar la producción de bioluminiscencia, la virulencia o la reproducción.","For example, bacteria use this communication strategy to initiate bioluminescence production, virulence or reproduction."
WL69,"¡Si tienes ganas de aprender más, habla conmigo!","If you want to learn more, talk to me!"
WL70,"Te he visto hablando con mi compañero… creo haberle oído hablar de lo que hacemos en Wetlab, pero sería importante que te contase un poco lo que vamos a hacer.","I saw you talking to my colleague... I think I heard him talking about what we do in Wetlab, but it would be important to tell you a bit about what we are going to do."
WL71,"Ahora que contamos con los fragmentos de ADN que vamos a utilizar, tenemos que unirlos en un orden concreto para generar la construcción génica completa, es decir, ensamblar los fragmentos.","Now that we have the DNA fragments we are going to use, we have to put them together in a particular order to generate the complete gene construct, i.e. assemble the fragments."
WL72,"Para ello aplicamos 2 técnicas fundamentales: digestión y ligación, que nos van a permitir cortar los fragmentos de ADN y posteriormente pegarlos unos tras otros.","To do this, we apply two fundamental techniques: digestion and ligation, which allow us to cut the DNA fragments and then glue them together."
WL73,"La construcción génica se debe introducir dentro de otra molécula de ADN, llamada plásmido, para que podamos introducir el ADN dentro de un organismo que lo pueda captar, como una bacteria.","The gene construct must be introduced into another DNA molecule, called a plasmid, so that we can introduce the DNA into an organism that can take it up, such as a bacterium."
WL74,El proceso mediante el cual las bacterias son capaces de incorporar nuestro plásmido recibe el nombre de transformación.,The process by which bacteria are able to incorporate our plasmid is called transformation.
WL75,"Si conseguimos todo esto, tendremos una bacteria con nuestra construcción génica de interés y podremos comprobar si realiza la función que nosotros queremos correctamente.","If we do all this, we will have a bacterium with our gene construct of interest and we will be able to test whether it performs the function we want it to correctly."
WL76,"Suena muy complicado, ¿seguro que yo soy el más indicado para hacer esto?","It sounds very complicated, are you sure I'm the best person to do this?"
WL77,"¡No te preocupes, ya verás como le pillas el truco a los protocolos enseguida!","Don't worry, you'll catch up with the protocols in no time!"
WL78,¿Quieres aprender un poco sobre qué son las enzimas de restricción?,Do you want to learn a bit about restriction enzymes?
WL79,"Las enzimas de restricción son proteínas que tienen la capacidad de cortar el ADN sobre secuencias específicas. Por ejemplo, la enzima EcoRI corta siempre que encuentre la secuencia GAATTC en el ADN.","Restriction enzymes are proteins that have the ability to cut DNA at specific sequences. For example, the EcoRI enzyme cuts whenever it finds the sequence GAATTC in DNA."
WL80,Las enzimas de restricción forman parte de un sistema de defensa de las bacterias contra los virus.,Restriction enzymes are part of a bacterial defence system against viruses.
WL81,"Sin embargo, pronto los investigadores las han aplicado a la ingeniería genética, al ser capaces de cortar fragmentos de ADN dejando en ellos extremos que permiten unir unas secuencias con otras de forma específica.","However, researchers have soon applied them to genetic engineering, as they are able to cut fragments of DNA, leaving DNA ends that allow sequences to be linked to other sequences in a specific way."
WL82,¿No es interesante?,Isn't that interesting?
WL83,¡Vuelve a hablarme si cambias de opinión!,Talk to me again if you change your mind!
W1,(¿¡Están sentados en el suelo sin hacer nada!?),(Are they just sitting on the floor doing nothing?!)
W2,"Disculpad, ¿es esta la sala de Wiki?","Excuse me, is this the Wiki room?"
W3,"¿Erm? S-sí, sí es aquí.","Erm? Y-yes, yes this is it."
W4,¿Y usted es?,And you are?
W5,Soy un nuevo miembro que acaba de entrar al equipo.,I'm a new member who just joined the team.
W6,"Umm, ya veo…","Umm, I see..."
W7,"Una pregunta, si no es molestia…","One question, if you don't mind..."
W8,¿Qué hacéis ahí tirados en el suelo?,What are you guys doing lying there on the ground?
W9,Pues cómo solo quedan 5 minutos para que acabe la competición y nadie nos ha entregado nada…,"Well, since there's only 5 minutes left in the competition and no one has handed us anything..."
W10,Hemos decidido aceptar nuestro fracaso aquí sentaditos.,We've decided to accept our failure by sitting here.
W11,A-ah ya veo.,A-ah I see.
W12,Sí.,Yes.
W13,…,…
W14,Pero es que os he traído las cosas.,But I brought you the stuff.
W15,¿¡A ESTAS ALTURAS!?,AT THIS POINT?!
W16,Perdonad pero lo hemos hecho lo más rápido posible…,Sorry but we did it as quickly as possible...
W17,(Aunque he de decir que acabo de llegar…),(Although I have to say I've only just arrived...)
W18,¡Rápido dame los documentos!,Quickly give me the documents!
W19,*click clack clack click clack*,*click clack clack click clack*
W20,¡No me va a dar tiempo a mí solo!,I won't be able to do it alone!
W21,¡No se preocupe jefe!,Don't worry boss!
W22,"¡Nosotros le daremos un curso rápido de HTML, CSS y JavaScript intensivo, y podremos trabajar los cuatro!","We'll give you a crash course in HTML, CSS and JavaScript, and the four of us can work together!"
W23,...,…
W24,¡Se acabó!,It's over!
W25,¡HEMOS ACABADO EL PROYECTO!,WE'VE FINISHED THE PROJECT!
W26,¡AHHHH! ¡No me lo puedo creer!,AHHHHH! I can't believe it!
W27,"Después de tanto esfuerzo, por fin acabamos el trabajo…","After so much effort, we've finally finished the job..."
W28,¡Por un momento creía que se venía abajo todo!,For a moment I thought it was all going to collapse!
W29,Menos mal que nos has salvado.,Thank goodness you saved us.
W30,¡Me alegra haber sido de ayuda!,I'm glad I could help!
W31,"Además, ¡he aprendido un montón!","Besides, I learned a lot!"
W32,"Bueno, aún no hemos terminado del todo.","Well, we're not quite done yet."
W33,Todavía nos queda ir a la final y que valoren nuestro trabajo.,We still have to go to the final and have our work judged.
W34,¡Por fin nuestros esfuerzos serán recompensados!,Finally our efforts will be rewarded!
W35,¡No hay tiempo!,There's no time!
W36,¡Se me van a borrar las huellas dactilares de teclear tan rápido!,I'm going to wipe my fingerprints off from typing so fast!
W37,¡Solo queda un minuto para que se acabe el plazo!,Only one minute left before the deadline!
W38,¡Vamos a entregar el proyecto finalmente!,Let's finally deliver the project!
W39,¿Estás listo?,Are you ready?
W40,A-ah entiendo…,A-ah I get it...
W41,B-bueno vuelve cuando estés listo…,W-well come back when you're ready...
W42,"Pero tampoco tardes mucho, ¿vale?","But don't take too long either, okay?"
W43,¡Muchas gracias por tu ayuda!,Thank you so much for your help!
W44,"Si no estuvieras ahí, no podríamos haber acabado a tiempo.","If you weren't there, we couldn't have finished on time."
W45,En este grupo nos encargamos de recoger la información sobre todo el proyecto y plasmarla en Internet.,In this group we are in charge of collecting information about the whole project and putting it on the internet.
W46,Específicamente en una “wiki”. Una wiki es una página simple creada con la idea de plasmar cierta información y enlazarla a otras páginas web.,Specifically in a ‘wiki’. A wiki is a simple web page created with the idea of capturing certain information and linking it to other web pages.
W47,"Todo proyecto de biología sintética debe quedar perfectamente explicado en algún lado,","Every synthetic biology project must be perfectly explained somewhere,"
W48,"y en nuestro caso, usamos la wiki, para que sea fácil de entender tanto por el público inexperto como por los más puestos en el tema.","and in our case, we use the wiki, so that it is easy to understand both for the inexperienced public and for those who are more knowledgeable about the subject."
W49,"¡Es fundamental que toda la información relacionada con la biología sintética sea accesible para todo el mundo, y más siendo un campo tan novedoso!","It is essential that all information related to synthetic biology is accessible to everyone, especially in such a new field!"
W50,"Entiendo, así todo el que quiera trabajar en el campo podrá hacerlo con más facilidad…","I understand, so that everyone who wants to work in the field can do it easily..."
W51,"Recuerda, las wikis son muy útiles para plasmar la investigación en biología sintética de forma accesible y sencilla.","Remember, wikis are very useful for making synthetic biology research accessible and easy to use."
W52,¡Lo hemos conseguido!,We did it!
W53,Déjame que te explique lo que vamos a hacer ahora.,Let me explain what we are going to do now.
W54,"Ya tenemos los textos que deben estar en la página web, así que lo único que nos queda por hacer es meterlos.","We already have the texts that need to be on the website, so the only thing left to do is to put them in."
W55,¿Y es eso muy difícil?,And is that very difficult?
W56,"No, solo debes tener conocimientos básicos sobre qué son los “lenguajes de marcado” y de “estilo en cascada”.","No, you just need to have a basic knowledge of what ‘layout languages’ are."
W57,¿Eso tiene algo que ver con HTML?,Does that have anything to do with HTML?
W58,¡Así es!,That's right!
W59,"Estos lenguajes sirven para crear a través de varios elementos gráficos una interfaz fácil de usar,","A layout language is a language used by a programmer to create through various graphical elements a user-friendly interface,"
W60,o simplemente organizarlos de tal forma que sean visualmente agradables.,or simply to arrange them in such a way that they are visually pleasing.
W61,HTML y CSS son dos ejemplos muy conocidos.,HTML and CSS are two well-known examples.
W62,¡Comprendo!,I understand!
W63,¡Ahora que ya sabes qué vamos a hacer (más o menos) tenemos que ayudar al jefe!,Now that you know what we are going to do (more or less) we have to help the boss!
W64,¡Por fin hemos acabado!,We're finally done!
W65,¡BUAAAAAAAA!,WUAAAAAAAA!
W66,¿Estás bien? ¿Por qué lloras?,"Are you okay, why are you crying?"
W67,¡Si por fin hemos acabado!,We're finally done!
W68,¡P-por eso lloroooo!,Th-that's why I'm crying!
W69,¡Lloro de alegría!,I'm crying for joy!
W70,(¿Supongo que entonces no pasa nada?),(I guess it's all right then?)
W71,¡Por fin la gente sabrá más sobre la biología sintética!,Finally people will know more about synthetic biology!
W72,"Espero que este proyecto pueda ayudar a mucha gente, ¡tocará publicarlo en redes!","I hope this project can help a lot of people, I will post it on networks!"
W73,¡Qué alegría que todo haya salido bien!,I'm glad it all worked out!
W74,Ahora solo queda ver qué opinan sobre nuestro trabajo.,Now we just need to see what you think of our work.
W75,¡Muchas gracias por todo!,Thank you very much for everything!
W76,¿Has disfrutado trabajando en un equipo de biología sintética?,Have you enjoyed working on a synthetic biology team?
W77,¡Sí! He aprendido mucho de muchas disciplinas distintas.,"Yes, I have learned a lot from many different disciplines."
W78,¡Me alegro de oírlo!,Glad to hear it!
WLKDL,Bienvenido al juego de Drylab,Welcome to the game of Drylab
IMJDL1,"¡Llegó la hora de obtener las secuencias de ADN necesarias para elaborar las construcciones genéticas y poder desarrollar nuestro proyecto! Para ello, recoge los elementos génicos que caen de la parte superior de la pantalla como te ha dicho Metionino,el jefe de Drylab. Pero recuerda, el orden es muy importante para que las construcciones sean funcionales, así que asegúrate de coger las piezas en el orden correcto.","It's time to gather the DNA sequences necessary for the production of the genetic constructs and the development of our project. For this purpose, gather the genetic elements that fall from the top of the screen.\nBut remember, the order is very important for the constructions to be functional, so make sure to collect the pieces in the correct order."
IMJDL2,"Consigue el mayor número de construcciones genéticas: [color=green]gana[/color] 3 puntos por cada constructo génico completado, [color=green]gana[/color] 1 punto por cada pieza correcta recogida en el momento adecuado, pero [color=red]pierde[/color] 1 puntos si te equivocas de orden. ¡Siempre puedes comprobar tu progreso en la barra de la parte superior de la pantalla!","Collect the most number of genetic constructs: gain 3 points per genetic construct completed, earn I point per piece collected in the correct moment, but lose I point if you make a mistake in the order. You can always check your progress on the bar in the top of the screen!"
IDLPM,1. Promotor,1. Promoter
IDLTERM,4. Terminador,4. Terminator
WLKWL,Bienvenido al juego de Wetlab,Welcome to the game of Wetlab
IMJWL1,"¡Toca ponerse los guantes y empezar a trabajar! Sigue las instrucciones de Dropaula, la Jefa de Wetlab, para desarrollar los protocolos de digestión, ligación y transformación con el objetivo de obtener bacterias transformadas con el ADN que hemos sintetizado.","Let's put on the gloves and begin working! Follow the instructions given by the Wetlab boss, in order to execute the protocols of digestion, ligation and transformation, with the objective of getting bacteria transformed with the DNA that we have synthesized."
IMJWL2,"Pero, ¡cuidado! El tiempo apremia, así que trata de ser eficiente y completar correctamente los protocolos en el menor tiempo posible. ¡Mucha suerte!","But be careful, there is not much time, so try to be efficient and complete the protocols succesfully as fast as you can to win more points."
JWL1,"¡Ya veo que te has colocado frente al banco de trabajo! Vamos a comenzar entonces a hacer una digestión para cortar los fragmentos de ADN. ¿Ves todos esos tubos en la caja de hielo? Pues tienes que colocarlos en la gradilla, para que sea cómodo trabajar. Esos tubos contienen el ADN del plásmido y de los constructos que han diseñado los de Drylab, y también las enzimas de restricción necesarias para digerir este ADN en sitios específicos y el tampón para que funcione todo.","I see you’ve taken a site in front of the workbench! Let’s start by doing a digestion to cut out the DNA fragments. See all those tubes in the ice box? Well, you have to place them on the rack, so that it’s comfortable to work with. Those tubes contain the DNA from the plasmid and the constructs that the Drylab guys have designed, and also the restriction enzymes needed to digest this DNA at specific sites and the buffer to make it all work."
JWL2,"¡Excelente! Ahora, coge la pipeta roja, que sirve para medir microvolúmenes, y mezcla en las proporciones adecuadas cada uno de los reactivos. Tienes que hacer dos tubos para digerir por separado los constructos y el plásmido.","Excellent! Now take the red pipette, which is used to measure microvolumes, and mix the right proportion of each reagent. You need to make two tubes to digest the constructs and the plasmid separately."
JWL3,"Estupendo, veo que lo tienes ya hecho. Para digerir, sin embargo, hay que poner los tubos a 37 grados celsius, por lo que ahora colócalos en el termobloque, que permite alcanzar temperaturas estables. Además, luego vamos a inactivar las enzimas, que si no, ¡pueden seguir actuando!","Great, I see you’ve got it done. However, to digest you have to put the tubes at 37 degrees Celsius, so now put them in the thermoblock, which allows you to reach stable temperatures. Besides, we will then inactivate the enzymes, otherwise they will still be able to work!"
JWL4,"Ya lo has tenido el tiempo que tocaba, por lo que de nuevo hay que poner los tubos en el hielo.","You’ve had it for the right amount of time, so you have to put the tubes back on ice."
JWL5,"Como ves, hay dos tubos nuevos: una enzima ligasa y su tampón. Eso es porque vamos a unir las piezas de ADN digeridas a través de una ligación, para luego poder introducirlo en una bacteria. Pon, por favor, los cuatro tubos en la gradilla.","As you can see, there are two new tubes: an enzyme ligase and its buffer. That’s because we’re going to join the digested pieces of DNA together through ligation, so that we can then introduce it into a bacterium. Please put the four tubes in the rack."
JWL6,"Ahora de nuevo, mezclalo todo como te he enseñado antes, en las proporciones adecuadas.","Now mix everything as I have shown you, in the right proportions."
JWL7,¡Genial! Si esto es todo muy repetitivo… toca otra vez calentarlo para que la enzima pueda funcionar. Pon el tubo en el termobloque.,Great! If this is all too repetitive…it’s time to heat it up again so that the enzyme can work. Put the tube in the thermoblock.
JWL8,"Venga, ¿recuerdas ahora lo que hay que hacer? ¡Efectivamente! Saca el tubo del termobloque, pero esta vez, como lo vamos a usar en unos momentos, no hace falta que lo metas en hielo.","Come on, do you remember what to do? Yes, that 's right! Take the tube out of the thermoblock, but this time, as we’re going to use it in a few moments, you don’t need to put in ice."
JWL9,"Mira mira, qué rápido aprendes. Ya vamos a hacer lo último que toca: la transformación. Con esta, vamos a conseguir meter el ADN ya ligado en la bacteria. Fíjate, la caja de hielo que te tenía preparada tiene dos tubos dentro: uno son las bacterias competentes; es decir, bacterias que pueden tomar este ADN, y el otro es un tubo vacío para trabajar. Usa la pipeta amarilla para mezclar el ADN y las bacterias, y deja la mezcla de nuevo en hielo un ratito.","You learn so fast. Now we’re going to do the last thing we need to do: transformation. With this one, we’re going to get the bound DNA into the bacteria. Notice the ice box I had prepared for you has two tubes inside: one is the competent bacteria, a bacteria that can take up this DNA, and the other is an empty tube. Use the yellow pipette to mix the DNA and the bacteria, and leave the mixture back on ice for a while."
JWL10,"Ahora hay que asustarlas. Vamos a hacer un choque térmico para que así capten del medio el ADN y se transformen. Para eso, colócalas en el termobloque a 42 grados centígrados unos segundos.","Now we have to scare them. We’re going to give them a thermal shock so that they pick up the DNA from the environment and transform. To do this, place them in a thermoblock at 42 degrees Celsius for a few seconds."
JWL11,¡Rápido! Ahora vuelvelas a meter en hielo unos minutos más.,Quickly! Now put them back on ice for a few more minutes.
JWL12,"De mientras, puedes aprovechar para encender el mechero, porque vamos a trabajar en esterilidad. Esto es muy importante porque no queremos que se nos contamine la muestra.","Meanwhile, you can take the opportunity to turn on the lighter, because we are going to work in sterility. This is very important because we do not want to contaminate the sample."
JWL13,"Ahora, tienes que echarle 2YT, un medio rico para que las bacterias crezcan. Para ello, coge el medio del tarro esteril que lo contiene.","Now, you have to pour in 2YT, a rich medium for bacteria to grow. To do this, take the medium from the sterile jar."
JWL14,"Perfecto, ya lo tienes todo mezclado, pero ¡que no se te olvide apagar el mechero!","Perfect, you’ve got it all mixed up, but don’t forget to turn off the lighter!"
JWL15,"Bien, bien. Llegó el momento más tedioso de todos: esperar. Mete el tubo en el termobloque a 37 grados centígrados un buen rato y de mientras, aprovecha para hacer otras tareas, ¡que no hay tiempo que perder!","Good. The most tedious moment of all has arrived: waiting. Put the tube in the thermoblock at 37 degrees Celsius for a while. Meanwhile, take the opportunity to do other tasks, there is no time to waste!"
JWL16,"Ya ha pasado el tiempo, espero que lo hayas aprovechado para aprender, por ejemplo, cómo funcionan el resto de máquinas… porque ahora toca usar la centrífuga de sobremesa. Esta permite centrifugar pequeños tubos de forma cómoda, y poder así concentrar, por ejemplo, las bacterias, ya que las sedimenta sin matarlas.","The time has passed, I hope you have used it to learn, for example, how the other machines work… because now it’s time to use the benchtop centrifuge. This allows you to centrifuge small tubes comfortably, and thus concentrate bacteria, for example, as it sediments them without killing them."
JWL17,"Ahora cierra la tapadera y ponla a trabajar, ¡que si no pueden salir volando los tubos, y es peligroso!","Close the lid and power on, otherwise the tubes may fly out and that's dangerous!"
JWL18,"Ya ha terminado de centrifugar, así que ábrela con cuidado.","It has finished spinning, so pen it carefully."
JWL19,"¡Genial! Acércate el tubo, que te va a tocar sacar el exceso de sobrenadante, que es el líquido que hay dentro.","Great! Bring the tube closer, you’re going to have to remove the excess supernatant, which is the liquid inside."
JWL20,"¿Lo ves? Hay una mancha marrón en el fondo del tubo. Eso son las bacterias sedimentadas. Pues ahora quita volumen hasta que solo queden 100 microlitros, usando la pipeta azul.","Can you see it? There is a brown stain at the bottom of the tube. That 's the settled bacteria. Now remove the volume until there are only 100 microlitres left, using the blue pipette."
JWL21,"Ahora agita bien el tubo para que las bacterias se vuelvan a resuspender, hasta que sea todo de un color homogéneo.","Shake the tube well so that the bacteria resuspend again, until everything is homogeneous in color."
JWL22,"Como puedes observar, hay una especie de plato pequeño con gelatina en la esquina inferior derecha de la mesa. Eso es una placa petri, que sirve para cultivar bacterias, seleccionarlas, y que estas puedan crecer. Pues ahora tienes que echar las bacterias que has resuspendido ahí, pero vuelve a encender el mechero, que otra vez vamos a trabajar en esterilidad.","As you can see, there is a kind of small plate with gelatine in the bottom right corner of the table. that 's a petri dish, which is used to grow bacteria, select them and leave them grow. So now you have to put the bacteria that you have resuspended in there, but turn the lighter back on, because we are going to work in sterility again."
JWL23,"Venga, ahora sí, echa las bacterias sobre la placa con mucho cuidado para que no se nos contamine, que con el poco tiempo que queda, ¡sería un desastre!","Come on, pour the bacteria onto the plate very carefully so that it doesn’t get contaminated, because with so little time left, it would be a disaster!"
JWL24,"Hay que repartir muy bien las bacterias a lo largo de toda la superficie de la placa, hay que usar algo para hacer esto. Lo que solemos utilizar son unas bolitas de vidrio limpias y estériles, que se colocan sobre la placa y se agitan bien para que se repartan.","You have to spread the bacteria very well over the entire surface of the plate, you have to use something to do this. What we usually use are clean, sterile glass beads, which are placed on the plate and shaken well to spread them out."
JWL25,"¡Muy bien! Después de usarlas he visto que las has metido en el bote de bolitas de vidrio sucias, ¡perfecto! Pues hala, solo queda apagar el mechero y meter la placa a 37 grados centígrados en la estufa para que crezcan.","Very good! After using them, I saw that you put them in the dirty glass bead jar, perfect! All that 's left is to turn off the lighter and put the plate on the cooker at 37 degrees Celsius so that they can grow."
JWL26,¡¡Muchas gracias por la ayuda!!,Thank you very much for your help!
WLKH,Bienvenido al juego de Human,Wellcome to the game of Human
IMJH1,"¡Qué bien te ha salido la exposición! El jefe de Human Practices te ha avisado de que preguntan mucho, pero tú debes estar a la altura del reto, así que debes resolver correctamente todas sus preguntas.","Great job with the presentation! The Human Practices boss has warned you that they ask a lot, but you have to be up to the challenge and solve all of their doubts."
IMJH2,"Atiende cada una de las preguntas y gana puntos si respondes correctamente. Pero ten cuidado, evita equivocarte más de 3 veces.","Pay attention to each of the questions and win points if you answer correctly. But be careful, avoid making more than 3 mistakes!"
WLKR,Bienvenido al juego de Redes,Wellcome to the game of Redes
IMJR1,"¡Que se note que sabes de divulgación científica! La compañera de Redes Sociales, te ha pedido que completes una publicación que tiene que subir ahora, pero le falla un poco el ordenador y las publicaciones aparecen y se desordenan. Para completarlas, vas a tener que tirar de memoria y recordar dónde estaban colocadas cada una de las partes de la publicación.",Let shine that you know about scientific dissemination! The colleague from Social Media asked I you to finish a post because their computer is malfunctioning and the posts appear and get all messed up.
IMJR2,Para completarla vas a tener que tirar de memoria y recordad dónde estaban colocadas cada una de las partes de la publicación.,"To complete the publication, use your memory to remember the position of each of the parts of the post."
IMJR3,"Presta mucha atención y sé lo más preciso posible. Cuanto más cerca estés de colocar cada elemento de su posición original, ¡más puntos te llevarás y más alcance tendrá tu post! ¡Ánimo!",Pay attention and be as precise as possible. You will get the most points and impact from your publication the closer you put the elements in their original position.
JR1,Memoriza,Memorize
JR2,Reconstruye,Rebuild
JR3,Resultados,Results
JRP1,"¡Tengo una duda! Antes, hablando de la difusión del proyecto has nombrado una palabra desconocida para mí, que hacía referencia a las personas y empresas a las que les interesa nuestro proyecto. ¿Cuál era?","I have a doubt! Earlier, talking about the dissemination of the project, you mentioned a word unknown to me, which referred to the people and companies that are interested in our project. What was it?"
JRP1R1,Stakeholder,Stakeholder
JRP1R2,Instituciones,Institutions
JRP1R3,Shareholder,Shareholder
JRP1R4,Steakholder,Steakholder
JRP2,Como miembro activo del área de human practices me encargo de que el conocimiento sea algo ____ para las personas sin importar sus circunstancias sociales o personales.,As an active member of the area of Human Practices I make sure that knowledge is something ____ for people regardless of their social or personal circumstances.
JRP2R1,Accesible,Accessible
JRP2R2,Inaccesible,Inaccessible
JRP2R3,Incomprensible,Incomprehensible
JRP2R4,Ininteligible,Unintelligible
JRP3,"Según he entendido en human obtenéis feedback de numerosos sectores, ¿se suele implementar la nueva información a las demás áreas para establecer cambios?","As I understand it, in Human Practices you get feedback from many sectors, is the new information usually implemented to other areas in order to establish changes?"
JRP3R1,Sí,Yes
JRP3R2,No,No
JRP3R3,A veces,Sometimes
JRP3R4,No sé,"No, I don’t know"
JRP4,La multidisciplinariedad del equipo está haciendo que desarrolle unas competencias extraordinarias. Ahora formo parte del equipo de drylab y como tal me encargo de ____ construcciones genéticas.,The multidisciplinary nature of the team is making it possible for me to develop extraordinary skills. I am now part of the Drylab team and as such I am in charge of ____ genetic constructs.
JRP4R1,Diseñar,Designing
JRP4R2,Destruir,Destroy
JRP4R3,Cortar,Cutting
JRP4R4,Cocinar,Cooking
JRP5,No era consciente de la cantidad de problemas que pueden remediarse aplicando la biología sintética. Me alegra poder aprender las herramientas moleculares necesarias para poder darle una ____ a todos estos desastres.,I was not aware of how many problems can be remedied by applying synthetic biology. I am happy to learn the molecular tools needed to be able to give a ____ to all these disasters.
JRP5R1,Solución,Solution
JRP5R2,Empujón,Push
JRP5R3,Crecimiento,Growth
JRP5R4,Respuesta,Answer
JRP6,¡Qué interesante! No sabía que podíais predecir el funcionamiento de los organismos con los que trabajáis en el laboratorio gracias a la elaboración de estudios ____,How interesting! I didn't know that you could predict the functioning of the organisms you work with in the lab by conducting ____ studies.
JRP6R1,Matemáticos,Mathematic
JRP6R2,Literarios,Literary
JRP6R3,De abogacía,Advocacy
JRP6R4,Electrónicos,Electronic
JRP7,"¡Dios mío, realmente es como hacer un puzle! Tengo que cortar las piezas usando las enzimas de ____  correctas o sino la digestión no saldrá bien.","My God, it really is like doing a puzzle! I have to cut the pieces using the right ____ enzymes or else the digestion won’t go well!"
JRP7R1,Restricción,Restriction
JRP7R2,Unión,Union
JRP7R3,Adhesión,Adhesion
JRP7R4,Deshidratación,Dehydration
JRP8,"Rápido rápido, los fragmentos de DNA ya están cortados y  debemos pegarlos unos a otros. Pongámonos manos a la obra con la ____","Quickly and quickly, the DNA fragments are already cut and we need to glue them together. Let's get to work with ____."
JRP8R1,Ligación,Ligation
JRP8R2,Transformación,Transformation
JRP8R3,Actuación,Acting
JRP8R4,Pegación,Gluing
JRP9,"Todo esto está muy bien chicos, ya tenemos el plásmido que queremos pero ¿qué proceso poseen las bacterias para incorporar un nuevo plásmido?","That's all well, guys. We already have the plasmid we want, but what process do bacteria go through to incorporate a new plasmid?"
JRP9R1,Transformación,Transformation
JRP9R2,Metionización,Methionisation
JRP9R3,Robotización,Robotisation
JRP9R4,Escapización,Escaping
JRP10,Las enzimas de restricción que tenían nombre de robot de película espacial ¿cómo se llamaba?,"The restriction enzymes had the name of a robot from a space film, what were they called?"
JRP10R1,EcoRI,EcoRI
JRP10R2,EcoRi,EcoRi
JRP10R3,EctoRI,EctoRI
JRP10R4,EctoRi,EctoRi
WLKW,Bienvenido al juego de Wiki,Wellcome to the game of Wiki
IMJW1,"Ahora que todo está listo, ¡hay que plasmar el trabajo en la Wiki! Asegúrate de que quede ordenado y bien presentado. Haz clic para ajustar el texto y las imágenes con un formato adecuado y que quede una página web preciosa.","Now that everything is done, it's time to illustrate all of our work in the Wiki! Make sure that it is organised and well presented. In order to achieve this, click to adjust the text and images to an adequate format, so that the web is perfect."
IMJW2,"El reloj no para de girar, así que sé lo más rápido posible para obtener la mayor cantidad de puntos! Pero no te equivoques o quedará un churro.","There is no much time, so be as quick as you can to get as many points as possible. Don't make a mistake or it will be a mess!"
CRED,Créditos,Credits
CR_DIR,Dirección,Direction
CR_PR,Producción,Production
CR_DJ,Diseño del juego,Game Design
CR_PG,Programación,Programmers
CR_DP,Director de Programación,Programming Director
CR_DA,Diseño de Arte,Art Designer
CR_GU,Guionistas,Script Writers
CR_DirA,Director de Arte,Art Director
CR_DS,Director de Sonido,Sound Director
CR_RW,Recursos Web,Web Resources
CR_AG,Agradecimientos,Greetings
CR_TS,Testers de la comunidad,Comunnity Testers
CR_QA,QA: iGEM UMA Team,QA: iGEM UMA Team
ESQ1,>ES:ESP1,>ES:ENG1
ESQ2,>ES:ESP2,>ES:ENG2
ESQ3,>ES:ESP3,>ES:ENG3
PREP1,¿En qué curso estás?,What grade are you on?
PREP1R1,3º de la ESO,3rd of ESO
PREP1R2,4º de la ESO,4th of ESO
PREP1R3,1º de Bachillerato,1st of Bachillerato
PREP1R4,2º de Bachillerato,2nd of Bachillerato
PREP2,¿Estás en el itinerario de ciencias?,Are you in the science itinerary?
PREP2R1,Sí,Yes
PREP2R2,No,No
PREP3,¿Sabes qué es la biología sintética?,Do you know what synthetic biology is?
PREP3R1,Sí,Yes
PREP3R2,No,No
PREP4,Marca a qué se dedica cada área,Select what purpose does each area serve
PREP4R1,Experimentos de laboratorio que nos sirven para comprobar que las construcciones genéticas,Laboratory experiments to test the genetic constructions
PREP4R2,Difundir el trabajo que hacemos en el equipo y divulgar sobre muchos tópicos científicos de interés,To spread awareness about our team's work and to divulge about many interesting cientific topics
PREP4R3,Diseño de construcciones genéticas,Genetic construction design
PREP4R4,Recoger la información sobre todo el proyecto y plasmarla en Internet,To collect information about our project and present it in the Internet
PREP4R5,"Conocer cómo el problema que tratamos afecta a las personas, animándolas a que nos aporten ideas","To understand how to problem we are working with affects the people, cheering them to lend us ideas"
PREP4R6,Dry Lab,Dry Lab
PREP4R7,Wet Lab, Wet Lab
PREP4R8,Human Practices,Human Practices
PREP4R9,Redes Sociales,Social Media
PREP4R10,Wiki,Wiki
PREP5,Las regiones del ADN que contienen la información para la producción de proteínas se llaman:,The regions in the DNA which contain the information for the protein production are called:
PREP5R1,Secuencias codificantes (CDS),Coding sequences (CDS)
PREP5R2,Promotores,Promoters
PREP5R3,Terminadores,Terminators
PREP5R4,Sitio de unión al ribosoma (RBS),Ribosome binding site (RBS)
PREP6,¿Sabes lo que son las enzimas de restricción?,Do you know what restriction enzymes are?
PREP6R1,Sí,Yes
PREP6R2,No,No
PREP7,¿Sabes lo que es el quorum sensing?,Do you know what quorum sensing is?
PREP7R1,Sí,Yes
PREP7R2,No,No
PREP8,Ordena los procesos según el orden en el que se deben realizar,Arrange the processes depending on the order in which they should be done
PREP8R1,Transformación,Transformation
PREP8R2,Digestión,Digestion
PREP8R3,Ligación,Ligation
PREP9,¿Hay algo que quieras añadir?,Is there something you may want to add?